symbol,name,market,industry
1101.TW,台泥,TW,水泥工業
1102.TW,亞泥,TW,水泥工業
1103.TW,嘉泥,TW,水泥工業
1104.TW,環泥,TW,水泥工業
1108.TW,幸福,TW,水泥工業
1109.TW,信大,TW,水泥工業
1110.TW,東泥,TW,水泥工業
1201.TW,味全,TW,食品工業
1203.TW,味王,TW,食品工業
1210.TW,大成,TW,食品工業
1213.TW,大飲,TW,食品工業
1215.TW,卜蜂,TW,食品工業
1216.TW,統一,TW,食品工業
1217.TW,愛之味,TW,食品工業
1218.TW,泰山,TW,食品工業
1219.TW,福壽,TW,食品工業
1220.TW,台榮,TW,食品工業
1225.TW,福懋油,TW,食品工業
1227.TW,佳格,TW,食品工業
1229.TW,聯華,TW,食品工業
1231.TW,聯華食,TW,食品工業
1232.TW,大統益,TW,食品工業
1233.TW,天仁,TW,食品工業
1234.TW,黑松,TW,食品工業
1235.TW,興泰,TW,食品工業
1236.TW,宏亞,TW,食品工業
1256.TW,鮮活果汁-KY,TW,食品工業
1301.TW,台塑,TW,塑膠工業
1303.TW,南亞,TW,塑膠工業
1304.TW,台聚,TW,塑膠工業
1305.TW,華夏,TW,塑膠工業
1307.TW,三芳,TW,塑膠工業
1308.TW,亞聚,TW,塑膠工業
1309.TW,台達化,TW,塑膠工業
1310.TW,台苯,TW,塑膠工業
1312.TW,國喬,TW,塑膠工業
1313.TW,聯成,TW,塑膠工業
1314.TW,中石化,TW,塑膠工業
1315.TW,達新,TW,塑膠工業
1319.TW,東陽,TW,汽車工業
1321.TW,大洋,TW,塑膠工業
1323.TW,永裕,TW,塑膠工業
1324.TW,地球,TW,塑膠工業
1325.TW,恆大,TW,塑膠工業
1326.TW,台化,TW,塑膠工業
1337.TW,再生-KY,TW,塑膠工業
1338.TW,廣華-KY,TW,汽車工業
1339.TW,昭輝,TW,汽車工業
1340.TW,勝悅-KY,TW,塑膠工業
1341.TW,富林-KY,TW,塑膠工業
1342.TW,八貫,TW,其他
1416.TW,廣豐,TW,其他
1435.TW,中福,TW,其他
1437.TW,勤益控,TW,其他
1443.TW,立益物流,TW,其他
1471.TW,首利,TW,電子零組件業
1503.TW,士電,TW,電機機械
1504.TW,東元,TW,電機機械
1506.TW,正道,TW,電機機械
1512.TW,瑞利,TW,汽車工業
1513.TW,中興電,TW,電機機械
1514.TW,亞力,TW,電機機械
1515.TW,力山,TW,電機機械
1516.TW,川飛,TW,其他
1517.TW,利奇,TW,電機機械
1519.TW,華城,TW,電機機械
1521.TW,大億,TW,汽車工業
1522.TW,堤維西,TW,汽車工業
1524.TW,耿鼎,TW,汽車工業
1525.TW,江申,TW,汽車工業
1526.TW,日馳,TW,電機機械
1527.TW,鑽全,TW,電機機械
1528.TW,恩德,TW,電機機械
1529.TW,樂事綠能,TW,電機機械
1530.TW,亞崴,TW,電機機械
1531.TW,高林股,TW,電機機械
1532.TW,勤美,TW,電機機械
1533.TW,車王電,TW,汽車工業
1535.TW,中宇,TW,電機機械
1536.TW,和大,TW,汽車工業
1537.TW,廣隆,TW,電機機械
1538.TW,正峰,TW,電機機械
1539.TW,巨庭,TW,電機機械
1540.TW,喬福,TW,電機機械
1541.TW,錩泰,TW,電機機械
1558.TW,伸興,TW,電機機械
1560.TW,中砂,TW,電機機械
1563.TW,巧新,TW,汽車工業
1568.TW,倉佑,TW,汽車工業
1582.TW,信錦,TW,電子零組件業
1583.TW,程泰,TW,電機機械
1587.TW,吉茂,TW,汽車工業
1589.TW,永冠-KY,TW,電機機械
1590.TW,亞德客-KY,TW,電機機械
1597.TW,直得,TW,電機機械
1603.TW,華電,TW,電器電纜
1604.TW,聲寶,TW,電器電纜
1605.TW,華新,TW,電器電纜
1608.TW,華榮,TW,電器電纜
1609.TW,大亞,TW,電器電纜
1611.TW,中電,TW,電器電纜
1612.TW,宏泰,TW,電器電纜
1614.TW,三洋電,TW,電器電纜
1615.TW,大山,TW,電器電纜
1616.TW,億泰,TW,電器電纜
1617.TW,榮星,TW,電器電纜
1618.TW,合機,TW,電器電纜
1623.TW,大東電,TW,電器電纜
1626.TW,艾美特-KY,TW,電器電纜
1702.TW,南僑,TW,食品工業
1708.TW,東鹼,TW,化學工業
1709.TW,和益,TW,化學工業
1710.TW,東聯,TW,化學工業
1711.TW,永光,TW,化學工業
1712.TW,興農,TW,化學工業
1713.TW,國化,TW,化學工業
1714.TW,和桐,TW,化學工業
1717.TW,長興,TW,化學工業
1718.TW,中纖,TW,化學工業
1721.TW,三晃,TW,化學工業
1722.TW,台肥,TW,化學工業
1723.TW,中碳,TW,化學工業
1725.TW,元禎,TW,化學工業
1726.TW,永記,TW,化學工業
1727.TW,中華化,TW,化學工業
1730.TW,花仙子,TW,化學工業
1732.TW,毛寶,TW,化學工業
1735.TW,日勝化,TW,化學工業
1737.TW,臺鹽,TW,食品工業
1773.TW,勝一,TW,化學工業
1776.TW,展宇,TW,化學工業
1802.TW,台玻,TW,玻璃陶瓷
1806.TW,冠軍,TW,玻璃陶瓷
1809.TW,中釉,TW,玻璃陶瓷
1810.TW,和成,TW,玻璃陶瓷
1817.TW,凱撒衛,TW,玻璃陶瓷
1903.TW,士紙,TW,造紙工業
1904.TW,正隆,TW,造紙工業
1905.TW,華紙,TW,造紙工業
1906.TW,寶隆,TW,造紙工業
1907.TW,永豐餘,TW,造紙工業
1909.TW,榮成,TW,造紙工業
2002.TW,中鋼,TW,鋼鐵工業
2006.TW,東和鋼鐵,TW,鋼鐵工業
2007.TW,燁興,TW,鋼鐵工業
2008.TW,高興昌,TW,鋼鐵工業
2009.TW,第一銅,TW,鋼鐵工業
2010.TW,春源,TW,鋼鐵工業
2012.TW,春雨,TW,鋼鐵工業
2013.TW,中鋼構,TW,鋼鐵工業
2014.TW,中鴻,TW,鋼鐵工業
2015.TW,豐興,TW,鋼鐵工業
2017.TW,官田鋼,TW,鋼鐵工業
2020.TW,美亞,TW,鋼鐵工業
2022.TW,聚亨,TW,鋼鐵工業
2023.TW,燁輝,TW,鋼鐵工業
2024.TW,志聯,TW,鋼鐵工業
2025.TW,千興,TW,鋼鐵工業
2027.TW,大成鋼,TW,鋼鐵工業
2028.TW,威致,TW,鋼鐵工業
2029.TW,盛餘,TW,鋼鐵工業
2030.TW,彰源,TW,鋼鐵工業
2031.TW,新光鋼,TW,鋼鐵工業
2032.TW,新鋼,TW,鋼鐵工業
2033.TW,佳大,TW,鋼鐵工業
2034.TW,允強,TW,鋼鐵工業
2038.TW,海光,TW,鋼鐵工業
2049.TW,上銀,TW,電機機械
2059.TW,川湖,TW,電子零組件業
2069.TW,運錩,TW,鋼鐵工業
2115.TW,六暉-KY,TW,汽車工業
2201.TW,裕隆,TW,汽車工業
2204.TW,中華,TW,汽車工業
2206.TW,三陽工業,TW,汽車工業
2207.TW,和泰車,TW,汽車工業
2208.TW,台船,TW,航運業
2211.TW,長榮鋼,TW,鋼鐵工業
2227.TW,裕日車,TW,汽車工業
2228.TW,劍麟,TW,汽車工業
2231.TW,為升,TW,汽車工業
2233.TW,宇隆,TW,汽車工業
2236.TW,百達-KY,TW,汽車工業
2237.TW,華德動能-創,TW,汽車工業
2239.TW,英利-KY,TW,汽車工業
2241.TW,艾姆勒,TW,汽車工業
2243.TW,宏旭-KY,TW,汽車工業
2247.TW,汎德永業,TW,汽車工業
2248.TW,華勝-KY,TW,汽車工業
2250.TW,IKKA-KY,TW,汽車工業
2254.TW,巨鎧精密-創,TW,汽車工業
2258.TW,鴻華先進-創,TW,汽車工業
2301.TW,光寶科,TW,電腦及週邊設備業
2302.TW,麗正,TW,半導體業
2303.TW,聯電,TW,半導體業
2305.TW,全友,TW,電腦及週邊設備業
2308.TW,台達電,TW,電子零組件業
2312.TW,金寶,TW,其他電子業
2313.TW,華通,TW,電子零組件業
2314.TW,台揚,TW,通信網路業
2316.TW,楠梓電,TW,電子零組件業
2317.TW,鴻海,TW,其他電子業
2321.TW,東訊,TW,通信網路業
2323.TW,中環,TW,光電業
2324.TW,仁寶,TW,電腦及週邊設備業
2327.TW,國巨*,TW,電子零組件業
2328.TW,廣宇,TW,電子零組件業
2329.TW,華泰,TW,半導體業
2330.TW,台積電,TW,半導體業
2331.TW,精英,TW,電腦及週邊設備業
2332.TW,友訊,TW,通信網路業
2337.TW,旺宏,TW,半導體業
2338.TW,光罩,TW,半導體業
2340.TW,台亞,TW,半導體業
2342.TW,茂矽,TW,半導體業
2344.TW,華邦電,TW,半導體業
2345.TW,智邦,TW,通信網路業
2347.TW,聯強,TW,電子通路業
2348.TW,海悅,TW,其他
2349.TW,錸德,TW,光電業
2351.TW,順德,TW,半導體業
2352.TW,佳世達,TW,電腦及週邊設備業
2353.TW,宏碁,TW,電腦及週邊設備業
2354.TW,鴻準,TW,其他電子業
2355.TW,敬鵬,TW,電子零組件業
2356.TW,英業達,TW,電腦及週邊設備業
2357.TW,華碩,TW,電腦及週邊設備業
2359.TW,所羅門,TW,其他電子業
2360.TW,致茂,TW,其他電子業
2362.TW,藍天,TW,電腦及週邊設備業
2363.TW,矽統,TW,半導體業
2364.TW,倫飛,TW,電腦及週邊設備業
2365.TW,昆盈,TW,電腦及週邊設備業
2367.TW,燿華,TW,電子零組件業
2368.TW,金像電,TW,電子零組件業
2369.TW,菱生,TW,半導體業
2371.TW,大同,TW,電機機械
2373.TW,震旦行,TW,其他電子業
2374.TW,佳能,TW,光電業
2375.TW,凱美,TW,電子零組件業
2376.TW,技嘉,TW,電腦及週邊設備業
2377.TW,微星,TW,電腦及週邊設備業
2379.TW,瑞昱,TW,半導體業
2380.TW,虹光,TW,電腦及週邊設備業
2382.TW,廣達,TW,電腦及週邊設備業
2383.TW,台光電,TW,電子零組件業
2385.TW,群光,TW,電子零組件業
2387.TW,精元,TW,電腦及週邊設備業
2388.TW,威盛,TW,半導體業
2390.TW,云辰,TW,其他電子業
2392.TW,正崴,TW,電子零組件業
2393.TW,億光,TW,光電業
2395.TW,研華,TW,電腦及週邊設備業
2397.TW,友通,TW,電腦及週邊設備業
2399.TW,映泰,TW,電腦及週邊設備業
2401.TW,凌陽,TW,半導體業
2402.TW,毅嘉,TW,電子零組件業
2404.TW,漢唐,TW,其他電子業
2405.TW,輔信,TW,電腦及週邊設備業
2406.TW,國碩,TW,光電業
2408.TW,南亞科,TW,半導體業
2409.TW,友達,TW,光電業
2412.TW,中華電,TW,通信網路業
2413.TW,環科,TW,電子零組件業
2414.TW,精技,TW,電子通路業
2415.TW,錩新,TW,電子零組件業
2417.TW,圓剛,TW,電腦及週邊設備業
2419.TW,仲琦,TW,通信網路業
2420.TW,新巨,TW,電子零組件業
2421.TW,建準,TW,電子零組件業
2423.TW,固緯,TW,其他電子業
2424.TW,隴華,TW,通信網路業
2425.TW,承啟,TW,電腦及週邊設備業
2426.TW,鼎元,TW,光電業
2427.TW,三商電,TW,資訊服務業
2428.TW,興勤,TW,電子零組件業
2429.TW,銘旺科,TW,光電業
2430.TW,燦坤,TW,電子通路業
2431.TW,聯昌,TW,電子零組件業
2432.TW,倚天酷碁-創,TW,電腦及週邊設備業
2433.TW,互盛電,TW,其他電子業
2434.TW,統懋,TW,半導體業
2436.TW,偉詮電,TW,半導體業
2438.TW,翔耀,TW,光電業
2439.TW,美律,TW,通信網路業
2440.TW,太空梭,TW,電子零組件業
2441.TW,超豐,TW,半導體業
2444.TW,兆勁,TW,通信網路業
2449.TW,京元電子,TW,半導體業
2450.TW,神腦,TW,通信網路業
2451.TW,創見,TW,半導體業
2453.TW,凌群,TW,資訊服務業
2454.TW,聯發科,TW,半導體業
2455.TW,全新,TW,通信網路業
2457.TW,飛宏,TW,電子零組件業
2458.TW,義隆,TW,半導體業
2459.TW,敦吉,TW,其他電子業
2460.TW,建通,TW,電子零組件業
2461.TW,光群雷,TW,其他電子業
2462.TW,良得電,TW,電子零組件業
2464.TW,盟立,TW,其他電子業
2465.TW,麗臺,TW,電腦及週邊設備業
2466.TW,冠西電,TW,光電業
2467.TW,志聖,TW,電子零組件業
2468.TW,華經,TW,資訊服務業
2471.TW,資通,TW,資訊服務業
2472.TW,立隆電,TW,電子零組件業
2474.TW,可成,TW,其他電子業
2476.TW,鉅祥,TW,電子零組件業
2477.TW,美隆電,TW,其他電子業
2478.TW,大毅,TW,電子零組件業
2480.TW,敦陽科,TW,資訊服務業
2481.TW,強茂,TW,半導體業
2482.TW,連宇,TW,其他電子業
2483.TW,百容,TW,電子零組件業
2484.TW,希華,TW,電子零組件業
2485.TW,兆赫,TW,通信網路業
2486.TW,一詮,TW,光電業
2488.TW,漢平,TW,其他電子業
2489.TW,瑞軒,TW,光電業
2491.TW,吉祥全,TW,光電業
2492.TW,華新科,TW,電子零組件業
2493.TW,揚博,TW,電子零組件業
2495.TW,普安,TW,電腦及週邊設備業
2496.TW,卓越,TW,其他
2497.TW,怡利電,TW,汽車工業
2498.TW,宏達電,TW,通信網路業
2514.TW,龍邦,TW,其他
2601.TW,益航,TW,航運業
2603.TW,長榮,TW,航運業
2605.TW,新興,TW,航運業
2606.TW,裕民,TW,航運業
2607.TW,榮運,TW,航運業
2608.TW,嘉里大榮,TW,航運業
2609.TW,陽明,TW,航運業
2610.TW,華航,TW,航運業
2611.TW,志信,TW,航運業
2612.TW,中航,TW,航運業
2613.TW,中櫃,TW,航運業
2614.TW,東森,TW,其他
2615.TW,萬海,TW,航運業
2616.TW,山隆,TW,油電燃氣業
2617.TW,台航,TW,航運業
2618.TW,長榮航,TW,航運業
2630.TW,亞航,TW,航運業
2633.TW,台灣高鐵,TW,航運業
2634.TW,漢翔,TW,航運業
2636.TW,台驊控股,TW,航運業
2637.TW,慧洋-KY,TW,航運業
2642.TW,宅配通,TW,航運業
2645.TW,長榮航太,TW,航運業
2646.TW,星宇航空,TW,航運業
2701.TW,萬企,TW,觀光餐旅
2702.TW,華園,TW,觀光餐旅
2704.TW,國賓,TW,觀光餐旅
2705.TW,六福,TW,觀光餐旅
2706.TW,第一店,TW,觀光餐旅
2707.TW,晶華,TW,觀光餐旅
2712.TW,遠雄來,TW,觀光餐旅
2722.TW,夏都,TW,觀光餐旅
2723.TW,美食-KY,TW,觀光餐旅
2727.TW,王品,TW,觀光餐旅
2731.TW,雄獅,TW,觀光餐旅
2739.TW,寒舍,TW,觀光餐旅
2748.TW,雲品,TW,觀光餐旅
2753.TW,八方雲集,TW,觀光餐旅
2904.TW,匯僑,TW,其他
3002.TW,歐格,TW,電腦及週邊設備業
3003.TW,健和興,TW,電子零組件業
3004.TW,豐達科,TW,鋼鐵工業
3005.TW,神基,TW,電腦及週邊設備業
3006.TW,晶豪科,TW,半導體業
3008.TW,大立光,TW,光電業
3010.TW,華立,TW,電子通路業
3011.TW,今皓,TW,電子零組件業
3013.TW,晟銘電,TW,電腦及週邊設備業
3014.TW,聯陽,TW,半導體業
3015.TW,全漢,TW,電子零組件業
3016.TW,嘉晶,TW,半導體業
3017.TW,奇鋐,TW,電腦及週邊設備業
3018.TW,隆銘綠能,TW,其他電子業
3019.TW,亞光,TW,光電業
3021.TW,鴻名,TW,電子零組件業
3022.TW,威強電,TW,電腦及週邊設備業
3023.TW,信邦,TW,電子零組件業
3024.TW,憶聲,TW,光電業
3025.TW,星通,TW,通信網路業
3026.TW,禾伸堂,TW,電子零組件業
3027.TW,盛達,TW,通信網路業
3028.TW,增你強,TW,電子通路業
3029.TW,零壹,TW,資訊服務業
3030.TW,德律,TW,其他電子業
3031.TW,佰鴻,TW,光電業
3032.TW,偉訓,TW,電子零組件業
3033.TW,威健,TW,電子通路業
3034.TW,聯詠,TW,半導體業
3035.TW,智原,TW,半導體業
3036.TW,文曄,TW,電子通路業
3037.TW,欣興,TW,電子零組件業
3038.TW,全台,TW,光電業
3040.TW,遠見,TW,其他
3041.TW,揚智,TW,半導體業
3042.TW,晶技,TW,電子零組件業
3043.TW,科風,TW,其他電子業
3044.TW,健鼎,TW,電子零組件業
3045.TW,台灣大,TW,通信網路業
3046.TW,建碁,TW,電腦及週邊設備業
3047.TW,訊舟,TW,通信網路業
3048.TW,益登,TW,電子通路業
3049.TW,精金,TW,光電業
3050.TW,鈺德,TW,光電業
3051.TW,力特,TW,光電業
3054.TW,立萬利,TW,電子通路業
3055.TW,蔚華科,TW,電子通路業
3057.TW,喬鼎,TW,電腦及週邊設備業
3058.TW,立德,TW,電子零組件業
3059.TW,華晶科,TW,光電業
3060.TW,銘異,TW,電腦及週邊設備業
3062.TW,建漢,TW,通信網路業
3090.TW,日電貿,TW,電子零組件業
3092.TW,鴻碩,TW,電子零組件業
3094.TW,聯傑,TW,半導體業
3130.TW,一零四,TW,數位雲端
3135.TW,凌航,TW,半導體業
3138.TW,耀登,TW,通信網路業
3149.TW,正達,TW,光電業
3150.TW,鈺寶-創,TW,半導體業
3167.TW,大量,TW,電機機械
3168.TW,眾福科,TW,光電業
3189.TW,景碩,TW,半導體業
3209.TW,全科,TW,電子通路業
3229.TW,晟鈦,TW,電子零組件業
3231.TW,緯創,TW,電腦及週邊設備業
3257.TW,虹冠電,TW,半導體業
3296.TW,勝德,TW,電子零組件業
3305.TW,昇貿,TW,其他電子業
3308.TW,聯德,TW,電子零組件業
3311.TW,閎暉,TW,通信網路業
3312.TW,弘憶股,TW,電子通路業
3321.TW,同泰,TW,電子零組件業
3338.TW,泰碩,TW,電子零組件業
3346.TW,麗清,TW,汽車工業
3356.TW,奇偶,TW,光電業
3376.TW,新日興,TW,電子零組件業
3380.TW,明泰,TW,通信網路業
3406.TW,玉晶光,TW,光電業
3413.TW,京鼎,TW,半導體業
3416.TW,融程電,TW,電腦及週邊設備業
3419.TW,譁裕,TW,通信網路業
3432.TW,台端,TW,電子零組件業
3437.TW,榮創,TW,光電業
3443.TW,創意,TW,半導體業
3447.TW,展達,TW,通信網路業
3450.TW,聯鈞,TW,半導體業
3481.TW,群創,TW,光電業
3494.TW,誠研,TW,電腦及週邊設備業
3501.TW,維熹,TW,電子零組件業
3504.TW,揚明光,TW,光電業
3515.TW,華擎,TW,電腦及週邊設備業
3518.TW,柏騰,TW,其他電子業
3528.TW,安馳,TW,電子通路業
3530.TW,晶相光,TW,半導體業
3532.TW,台勝科,TW,半導體業
3533.TW,嘉澤,TW,電子零組件業
3535.TW,晶彩科,TW,光電業
3543.TW,州巧,TW,光電業
3545.TW,敦泰,TW,半導體業
3550.TW,聯穎,TW,電子零組件業
3563.TW,牧德,TW,光電業
3576.TW,聯合再生,TW,光電業
3583.TW,辛耘,TW,半導體業
3588.TW,通嘉,TW,半導體業
3591.TW,艾笛森,TW,光電業
3592.TW,瑞鼎,TW,半導體業
3593.TW,力銘,TW,電子零組件業
3596.TW,智易,TW,通信網路業
3605.TW,宏致,TW,電子零組件業
3607.TW,谷崧,TW,電子零組件業
3617.TW,碩天,TW,其他電子業
3622.TW,洋華,TW,光電業
3645.TW,達邁,TW,電子零組件業
3652.TW,精聯,TW,電腦及週邊設備業
3653.TW,健策,TW,電子零組件業
3661.TW,世芯-KY,TW,半導體業
3665.TW,貿聯-KY,TW,其他電子業
3669.TW,圓展,TW,通信網路業
3673.TW,TPK-KY,TW,光電業
3679.TW,新至陞,TW,電子零組件業
3686.TW,達能,TW,半導體業
3694.TW,海華,TW,通信網路業
3701.TW,大眾控,TW,電腦及週邊設備業
3702.TW,大聯大,TW,電子通路業
3704.TW,合勤控,TW,通信網路業
3706.TW,神達,TW,電腦及週邊設備業
3711.TW,日月光投控,TW,半導體業
3712.TW,永崴投控,TW,電腦及週邊設備業
3714.TW,富采,TW,光電業
3715.TW,定穎投控,TW,電子零組件業
3717.TW,聯嘉投控,TW,汽車工業
4306.TW,炎洲,TW,塑膠工業
4526.TW,東台,TW,電機機械
4532.TW,瑞智,TW,電機機械
4540.TW,全球傳動,TW,電機機械
4545.TW,銘鈺,TW,電子零組件業
4551.TW,智伸科,TW,汽車工業
4552.TW,力達-KY,TW,電機機械
4555.TW,氣立,TW,電機機械
4557.TW,永新-KY,TW,汽車工業
4560.TW,強信-KY,TW,電機機械
4562.TW,穎漢,TW,電機機械
4564.TW,元翎,TW,電機機械
4566.TW,時碩工業,TW,電機機械
4569.TW,六方科-KY,TW,汽車工業
4571.TW,鈞興-KY,TW,電機機械
4572.TW,駐龍,TW,電機機械
4576.TW,大銀微系統,TW,電機機械
4581.TW,光隆精密-KY,TW,汽車工業
4583.TW,台灣精銳,TW,電機機械
4585.TW,達明,TW,其他電子業
4588.TW,玖鼎電力,TW,其他電子業
4590.TW,富田-創,TW,電機機械
4720.TW,德淵,TW,化學工業
4722.TW,國精化,TW,化學工業
4739.TW,康普,TW,化學工業
4755.TW,三福化,TW,化學工業
4763.TW,材料*-KY,TW,化學工業
4764.TW,雙鍵,TW,化學工業
4766.TW,南寶,TW,化學工業
4770.TW,上品,TW,化學工業
4904.TW,遠傳,TW,通信網路業
4906.TW,正文,TW,通信網路業
4912.TW,聯德控股-KY,TW,電子零組件業
4915.TW,致伸,TW,電子零組件業
4916.TW,事欣科,TW,電腦及週邊設備業
4919.TW,新唐,TW,半導體業
4927.TW,泰鼎-KY,TW,電子零組件業
4930.TW,燦星網,TW,電器電纜
4934.TW,太極,TW,光電業
4935.TW,茂林-KY,TW,光電業
4938.TW,和碩,TW,電腦及週邊設備業
4942.TW,嘉彰,TW,光電業
4943.TW,康控-KY,TW,電子零組件業
4949.TW,有成精密,TW,光電業
4952.TW,凌通,TW,半導體業
4956.TW,光鋐,TW,光電業
4958.TW,臻鼎-KY,TW,電子零組件業
4960.TW,誠美材,TW,光電業
4961.TW,天鈺,TW,半導體業
4967.TW,十銓,TW,半導體業
4968.TW,立積,TW,半導體業
4976.TW,佳凌,TW,光電業
4977.TW,眾達-KY,TW,通信網路業
4989.TW,榮科,TW,電子零組件業
4994.TW,傳奇,TW,資訊服務業
4999.TW,鑫禾,TW,電子零組件業
5007.TW,三星,TW,鋼鐵工業
5203.TW,訊連,TW,資訊服務業
5215.TW,科嘉-KY,TW,電腦及週邊設備業
5222.TW,全訊,TW,半導體業
5225.TW,東科-KY,TW,其他電子業
5234.TW,達興材料,TW,光電業
5236.TW,凌陽創新,TW,半導體業
5243.TW,乙盛-KY,TW,光電業
5244.TW,弘凱,TW,光電業
5258.TW,虹堡,TW,電腦及週邊設備業
5269.TW,祥碩,TW,半導體業
5283.TW,禾聯碩,TW,電器電纜
5284.TW,jpp-KY,TW,其他
5285.TW,界霖,TW,半導體業
5288.TW,豐祥-KY,TW,電機機械
5388.TW,中磊,TW,通信網路業
5434.TW,崇越,TW,電子通路業
5469.TW,瀚宇博,TW,電子零組件業
5471.TW,松翰,TW,半導體業
5484.TW,慧友,TW,光電業
5538.TW,東明-KY,TW,鋼鐵工業
5607.TW,遠雄港,TW,航運業
5608.TW,四維航,TW,航運業
5706.TW,鳳凰,TW,觀光餐旅
5871.TW,中租-KY,TW,其他
6108.TW,競國,TW,電子零組件業
6112.TW,邁達特,TW,資訊服務業
6115.TW,鎰勝,TW,電子零組件業
6116.TW,彩晶,TW,光電業
6117.TW,迎廣,TW,電腦及週邊設備業
6120.TW,達運,TW,光電業
6128.TW,上福,TW,電腦及週邊設備業
6133.TW,金橋,TW,電子零組件業
6136.TW,富爾特,TW,通信網路業
6139.TW,亞翔,TW,其他電子業
6141.TW,柏承,TW,電子零組件業
6142.TW,友勁,TW,通信網路業
6152.TW,百一,TW,通信網路業
6153.TW,嘉聯益,TW,電子零組件業
6155.TW,鈞寶,TW,電子零組件業
6164.TW,華興,TW,光電業
6165.TW,浪凡,TW,數位雲端
6166.TW,凌華,TW,電腦及週邊設備業
6168.TW,宏齊,TW,光電業
6176.TW,瑞儀,TW,光電業
6183.TW,關貿,TW,資訊服務業
6184.TW,大豐電,TW,其他
6189.TW,豐藝,TW,電子通路業
6191.TW,精成科,TW,電子零組件業
6192.TW,巨路,TW,其他電子業
6196.TW,帆宣,TW,其他電子業
6197.TW,佳必琪,TW,電子零組件業
6201.TW,亞弘電,TW,其他電子業
6202.TW,盛群,TW,半導體業
6205.TW,詮欣,TW,電子零組件業
6206.TW,飛捷,TW,電腦及週邊設備業
6209.TW,今國光,TW,光電業
6213.TW,聯茂,TW,電子零組件業
6214.TW,精誠,TW,資訊服務業
6215.TW,和椿,TW,其他電子業
6216.TW,居易,TW,通信網路業
6224.TW,聚鼎,TW,電子零組件業
6225.TW,天瀚,TW,光電業
6226.TW,光鼎,TW,光電業
6230.TW,尼得科超眾,TW,電腦及週邊設備業
6235.TW,華孚,TW,電腦及週邊設備業
6239.TW,力成,TW,半導體業
6243.TW,迅杰,TW,半導體業
6257.TW,矽格,TW,半導體業
6269.TW,台郡,TW,電子零組件業
6271.TW,同欣電,TW,半導體業
6272.TW,驊陞,TW,電子零組件業
6277.TW,宏正,TW,電腦及週邊設備業
6278.TW,台表科,TW,光電業
6281.TW,全國電,TW,電子通路業
6282.TW,康舒,TW,電子零組件業
6283.TW,淳安,TW,其他電子業
6285.TW,啟碁,TW,通信網路業
6405.TW,悅城,TW,光電業
6409.TW,旭隼,TW,其他電子業
6412.TW,群電,TW,電子零組件業
6414.TW,樺漢,TW,電腦及週邊設備業
6415.TW,矽力*-KY,TW,半導體業
6416.TW,瑞祺電通,TW,通信網路業
6426.TW,統新,TW,通信網路業
6438.TW,迅得,TW,其他電子業
6442.TW,光聖,TW,通信網路業
6443.TW,元晶,TW,光電業
6449.TW,鈺邦,TW,電子零組件業
6451.TW,訊芯-KY,TW,半導體業
6456.TW,GIS-KY,TW,光電業
6464.TW,台數科,TW,其他
6477.TW,安集,TW,光電業
6504.TW,南六,TW,其他
6505.TW,台塑化,TW,油電燃氣業
6515.TW,穎崴,TW,半導體業
6525.TW,捷敏-KY,TW,半導體業
6526.TW,達發,TW,半導體業
6531.TW,愛普*,TW,半導體業
6533.TW,晶心科,TW,半導體業
6552.TW,易華電,TW,半導體業
6558.TW,興能高,TW,其他電子業
6573.TW,虹揚-KY,TW,半導體業
6579.TW,研揚,TW,電腦及週邊設備業
6585.TW,鼎基,TW,其他
6591.TW,動力-KY,TW,電腦及週邊設備業
6592.TW,和潤企業,TW,其他
6605.TW,帝寶,TW,汽車工業
6606.TW,建德工業,TW,電機機械
6614.TW,資拓宏宇,TW,數位雲端
6625.TW,必應,TW,其他
6655.TW,科定,TW,其他
6658.TW,聯策,TW,其他電子業
6668.TW,中揚光,TW,光電業
6669.TW,緯穎,TW,電腦及週邊設備業
6672.TW,騰輝電子-KY,TW,電子零組件業
6674.TW,鋐寶科技,TW,通信網路業
6689.TW,伊雲谷,TW,數位雲端
6691.TW,洋基工程,TW,其他電子業
6695.TW,芯鼎,TW,半導體業
6698.TW,旭暉應材,TW,其他電子業
6706.TW,惠特,TW,光電業
6715.TW,嘉基,TW,電子零組件業
6719.TW,力智,TW,半導體業
6722.TW,輝創,TW,其他電子業
6742.TW,澤米,TW,光電業
6743.TW,安普新,TW,其他電子業
6753.TW,龍德造船,TW,航運業
6756.TW,威鋒電子,TW,半導體業
6757.TW,台灣虎航,TW,航運業
6770.TW,力積電,TW,半導體業
6776.TW,展碁國際,TW,電子通路業
6781.TW,AES-KY,TW,電子零組件業
6789.TW,采鈺,TW,半導體業
6790.TW,永豐實,TW,造紙工業
6792.TW,詠業,TW,通信網路業
6799.TW,來頡,TW,半導體業
6805.TW,富世達,TW,電子零組件業
6830.TW,汎銓,TW,其他電子業
6831.TW,邁科,TW,電腦及週邊設備業
6834.TW,天二科技,TW,電子零組件業
6835.TW,圓裕,TW,電子零組件業
6854.TW,錼創科技-KY創,TW,半導體業
6862.TW,三集瑞-KY,TW,電子零組件業
6863.TW,永道-KY,TW,通信網路業
6901.TW,鑽石投資,TW,其他
6902.TW,GOGOLOOK,TW,數位雲端
6906.TW,現觀科,TW,數位雲端
6908.TW,宏碁遊戲-創,TW,電子通路業
6909.TW,創控,TW,半導體業
6914.TW,阜爾運通,TW,其他
6916.TW,華凌,TW,光電業
6921.TW,嘉雨思-創,TW,半導體業
6924.TW,榮惠-KY創,TW,電子零組件業
6928.TW,攸泰科技,TW,電腦及週邊設備業
6933.TW,AMAX-KY,TW,電腦及週邊設備業
6937.TW,天虹,TW,半導體業
6952.TW,大武山,TW,其他
6957.TW,裕慶-KY,TW,其他
6958.TW,日盛台駿,TW,其他
6962.TW,奕力-KY,TW,半導體業
6988.TW,威力暘-創,TW,汽車工業
7631.TW,聚賢研發-創,TW,其他電子業
7689.TW,大鵬科CLMX,TW,通信網路業
7705.TW,三商餐飲,TW,觀光餐旅
7711.TW,永擎,TW,電腦及週邊設備業
7721.TW,微程式,TW,數位雲端
7722.TW,LINEPAY,TW,數位雲端
7730.TW,暉盛-創,TW,半導體業
7732.TW,金興精密,TW,汽車工業
7736.TW,虎山,TW,汽車工業
7749.TW,意騰-KY,TW,半導體業
7750.TW,新代,TW,電機機械
7760.TW,享溫馨,TW,觀光餐旅
7765.TW,中華資安,TW,數位雲端
7768.TW,頌勝科技,TW,半導體業
7769.TW,鴻勁,TW,半導體業
7780.TW,大研生醫*,TW,食品工業
7788.TW,松川精密,TW,電子零組件業
7791.TW,皇家可口,TW,食品工業
7795.TW,長廣,TW,電子零組件業
7821.TW,神數,TW,汽車工業
7822.TW,倍利科,TW,半導體業
7823.TW,奧義賽博-KY創,TW,數位雲端
7835.TW,永悅健康-創,TW,數位雲端
7855.TW,和運租車,TW,其他
8011.TW,台通,TW,通信網路業
8016.TW,矽創,TW,半導體業
8021.TW,尖點,TW,其他電子業
8028.TW,昇陽半導體,TW,半導體業
8033.TW,雷虎,TW,其他
8039.TW,台虹,TW,電子零組件業
8045.TW,達運光電,TW,通信網路業
8046.TW,南電,TW,電子零組件業
8070.TW,長華*,TW,電子通路業
8072.TW,陞泰,TW,電子通路業
8081.TW,致新,TW,半導體業
8101.TW,華冠,TW,通信網路業
8103.TW,瀚荃,TW,電子零組件業
8104.TW,錸寶,TW,光電業
8105.TW,凌巨,TW,光電業
8110.TW,華東,TW,半導體業
8112.TW,至上,TW,電子通路業
8114.TW,振樺電,TW,電腦及週邊設備業
8131.TW,福懋科,TW,半導體業
8150.TW,南茂,TW,半導體業
8162.TW,微矽電子-創,TW,半導體業
8163.TW,達方,TW,電腦及週邊設備業
8201.TW,無敵,TW,其他電子業
8210.TW,勤誠,TW,電腦及週邊設備業
8213.TW,志超,TW,電子零組件業
8215.TW,明基材,TW,光電業
8222.TW,寶一,TW,電機機械
8249.TW,菱光,TW,電子零組件業
8261.TW,富鼎,TW,半導體業
8271.TW,宇瞻,TW,半導體業
8367.TW,建新國際,TW,航運業
8374.TW,羅昇,TW,電機機械
8404.TW,百和興業-KY,TW,其他
8411.TW,福貞-KY,TW,其他
8442.TW,威宏-KY,TW,其他
8454.TW,富邦媒,TW,數位雲端
8463.TW,潤泰材,TW,其他
8466.TW,美吉吉-KY,TW,其他
8481.TW,政伸,TW,其他
8487.TW,愛爾達-創,TW,數位雲端
8488.TW,吉源-KY,TW,其他
8499.TW,鼎炫-KY,TW,其他電子業
8926.TW,台汽電,TW,油電燃氣業
8940.TW,新天地,TW,觀光餐旅
8996.TW,高力,TW,電機機械
9103.TW,美德醫療-DR,TW,產業代碼 91
9105.TW,泰金寶-DR,TW,產業代碼 91
9110.TW,越南控-DR,TW,產業代碼 91
9136.TW,巨騰-DR,TW,產業代碼 91
9902.TW,台火,TW,其他
9905.TW,大華,TW,其他
9907.TW,統一實,TW,其他
9908.TW,大台北,TW,油電燃氣業
9912.TW,偉聯,TW,電腦及週邊設備業
9917.TW,中保科,TW,其他
9918.TW,欣天然,TW,油電燃氣業
9919.TW,康那香,TW,其他
9925.TW,新保,TW,其他
9926.TW,新海,TW,油電燃氣業
9927.TW,泰銘,TW,其他
9928.TW,中視,TW,其他
9929.TW,秋雨,TW,其他
9931.TW,欣高,TW,油電燃氣業
9933.TW,中鼎,TW,其他
9937.TW,全國,TW,油電燃氣業
9938.TW,百和,TW,其他
9939.TW,宏全,TW,其他
9940.TW,信義,TW,其他
9941.TW,裕融,TW,其他
9942.TW,茂順,TW,其他
9943.TW,好樂迪,TW,觀光餐旅
9944.TW,新麗,TW,其他
9945.TW,潤泰新,TW,其他
9958.TW,世紀鋼,TW,鋼鐵工業
1240.TWO,茂生農經,TWO,農業科技業
1259.TWO,安心,TWO,觀光餐旅
1264.TWO,德麥,TWO,食品工業
1268.TWO,漢來美食,TWO,觀光餐旅
1294.TWO,漢田生技,TWO,食品工業
1295.TWO,生合,TWO,食品工業
1336.TWO,台翰,TWO,電子零組件業
1569.TWO,濱川,TWO,電腦及週邊設備業
1570.TWO,力肯,TWO,電機機械
1580.TWO,新麥,TWO,電機機械
1584.TWO,精剛,TWO,其他
1586.TWO,和勤,TWO,電機機械
1591.TWO,駿吉-KY,TWO,電機機械
1595.TWO,川寶,TWO,半導體業
1599.TWO,宏佳騰,TWO,電機機械
1742.TWO,台蠟,TWO,化學工業
1780.TWO,立弘,TWO,食品工業
1785.TWO,光洋科,TWO,其他電子業
1796.TWO,金穎生技,TWO,食品工業
1815.TWO,富喬,TWO,電子零組件業
2035.TWO,唐榮公司,TWO,鋼鐵工業
2061.TWO,風青,TWO,電器電纜
2063.TWO,世鎧精密,TWO,鋼鐵工業
2064.TWO,晉椿,TWO,鋼鐵工業
2065.TWO,世豐,TWO,鋼鐵工業
2066.TWO,世德,TWO,電機機械
2067.TWO,嘉鋼,TWO,電機機械
2070.TWO,精湛,TWO,電機機械
2073.TWO,雄順,TWO,鋼鐵工業
2221.TWO,大甲,TWO,其他
2235.TWO,謚源,TWO,電機機械
2640.TWO,大車隊,TWO,數位雲端
2641.TWO,正德,TWO,航運業
2643.TWO,捷迅,TWO,航運業
2719.TWO,燦星旅,TWO,觀光餐旅
2724.TWO,藝舍-KY,TWO,其他
2726.TWO,雅茗-KY,TWO,觀光餐旅
2729.TWO,瓦城,TWO,觀光餐旅
2732.TWO,六角,TWO,觀光餐旅
2734.TWO,易飛網,TWO,觀光餐旅
2736.TWO,富野,TWO,觀光餐旅
2740.TWO,華軒,TWO,觀光餐旅
2743.TWO,山富,TWO,觀光餐旅
2745.TWO,五福,TWO,觀光餐旅
2751.TWO,王座,TWO,觀光餐旅
2752.TWO,豆府,TWO,觀光餐旅
2754.TWO,亞洲藏壽司,TWO,觀光餐旅
2755.TWO,揚秦,TWO,觀光餐旅
2756.TWO,聯發國際,TWO,觀光餐旅
2926.TWO,誠品生活,TWO,文化創意業
2949.TWO,欣新網,TWO,數位雲端
3064.TWO,泰偉,TWO,文化創意業
3066.TWO,李洲,TWO,光電業
3071.TWO,協禧,TWO,電腦及週邊設備業
3078.TWO,僑威,TWO,電子零組件業
3081.TWO,聯亞,TWO,通信網路業
3083.TWO,網龍,TWO,文化創意業
3085.TWO,新零售,TWO,數位雲端
3086.TWO,華義*,TWO,文化創意業
3088.TWO,艾訊,TWO,電腦及週邊設備業
3093.TWO,港建*,TWO,其他電子業
3095.TWO,及成,TWO,通信網路業
3105.TWO,穩懋,TWO,半導體業
3114.TWO,好德,TWO,電子零組件業
3115.TWO,富榮綱,TWO,電子零組件業
3122.TWO,笙泉,TWO,半導體業
3128.TWO,昇銳,TWO,光電業
3131.TWO,弘塑,TWO,半導體業
3141.TWO,晶宏,TWO,半導體業
3147.TWO,大綜,TWO,資訊服務業
3152.TWO,璟德,TWO,通信網路業
3158.TWO,嘉實,TWO,資訊服務業
3162.TWO,精確,TWO,電機機械
3163.TWO,波若威,TWO,通信網路業
3169.TWO,亞信,TWO,半導體業
3178.TWO,公準,TWO,半導體業
3191.TWO,雲嘉南,TWO,電子零組件業
3206.TWO,志豐,TWO,電子零組件業
3207.TWO,耀勝,TWO,電子零組件業
3211.TWO,順達,TWO,電腦及週邊設備業
3213.TWO,茂訊,TWO,電腦及週邊設備業
3217.TWO,優群,TWO,電子零組件業
3219.TWO,倚強科,TWO,其他電子業
3221.TWO,台嘉碩,TWO,通信網路業
3224.TWO,三顧,TWO,電子通路業
3226.TWO,龍鋒,TWO,電機機械
3227.TWO,原相,TWO,半導體業
3228.TWO,金麗科,TWO,半導體業
3230.TWO,錦明,TWO,光電業
3232.TWO,昱捷,TWO,電子通路業
3234.TWO,光環,TWO,通信網路業
3236.TWO,千如,TWO,電子零組件業
3252.TWO,海灣,TWO,觀光餐旅
3259.TWO,鑫創,TWO,半導體業
3260.TWO,威剛,TWO,半導體業
3264.TWO,欣銓,TWO,半導體業
3265.TWO,台星科,TWO,半導體業
3268.TWO,海德威,TWO,半導體業
3272.TWO,東碩,TWO,電腦及週邊設備業
3276.TWO,宇環,TWO,電子零組件業
3284.TWO,太普高,TWO,其他
3285.TWO,微端,TWO,其他電子業
3287.TWO,廣寰科,TWO,電腦及週邊設備業
3288.TWO,點晶,TWO,電子零組件業
3289.TWO,宜特,TWO,其他電子業
3290.TWO,東浦,TWO,電子零組件業
3293.TWO,鈊象,TWO,文化創意業
3294.TWO,英濟,TWO,電子零組件業
3297.TWO,杭特,TWO,光電業
3303.TWO,岱稜,TWO,其他電子業
3306.TWO,鼎天,TWO,通信網路業
3310.TWO,佳穎,TWO,電子零組件業
3317.TWO,尼克森,TWO,半導體業
3322.TWO,建舜電,TWO,電子零組件業
3323.TWO,加百裕,TWO,電腦及週邊設備業
3324.TWO,雙鴻,TWO,其他電子業
3325.TWO,旭品,TWO,電腦及週邊設備業
3332.TWO,幸康,TWO,電子零組件業
3339.TWO,泰谷,TWO,光電業
3349.TWO,寶德,TWO,電腦及週邊設備業
3354.TWO,律勝,TWO,電子零組件業
3357.TWO,臺慶科,TWO,電子零組件業
3360.TWO,尚立,TWO,電子通路業
3362.TWO,先進光,TWO,光電業
3363.TWO,上詮,TWO,通信網路業
3372.TWO,典範,TWO,半導體業
3373.TWO,熱映,TWO,其他電子業
3374.TWO,精材,TWO,半導體業
3379.TWO,彬台,TWO,電機機械
3388.TWO,崇越電,TWO,電子零組件業
3390.TWO,旭軟,TWO,電子零組件業
3402.TWO,漢科,TWO,其他電子業
3430.TWO,奇鈦科,TWO,化學工業
3434.TWO,哲固,TWO,光電業
3438.TWO,類比科,TWO,半導體業
3441.TWO,聯一光電,TWO,光電業
3444.TWO,利機,TWO,電子通路業
3455.TWO,由田,TWO,光電業
3465.TWO,進泰電子,TWO,其他電子業
3466.TWO,德晉,TWO,通信網路業
3467.TWO,台灣精材,TWO,半導體業
3479.TWO,安勤,TWO,電腦及週邊設備業
3483.TWO,力致,TWO,電腦及週邊設備業
3484.TWO,崧騰,TWO,電子零組件業
3485.TWO,敘豐,TWO,電子零組件業
3490.TWO,單井,TWO,光電業
3491.TWO,昇達科,TWO,通信網路業
3492.TWO,長盛,TWO,電子零組件業
3498.TWO,陽程,TWO,其他電子業
3499.TWO,環天科,TWO,通信網路業
3508.TWO,位速,TWO,其他電子業
3511.TWO,矽瑪,TWO,電子零組件業
3516.TWO,亞帝歐,TWO,光電業
3520.TWO,華盈,TWO,電子零組件業
3522.TWO,御嵿,TWO,觀光餐旅
3523.TWO,迎輝,TWO,光電業
3526.TWO,凡甲,TWO,電子零組件業
3527.TWO,聚積,TWO,半導體業
3529.TWO,力旺,TWO,半導體業
3531.TWO,先益,TWO,光電業
3537.TWO,堡達,TWO,電子零組件業
3540.TWO,曜越,TWO,電腦及週邊設備業
3541.TWO,西柏,TWO,其他電子業
3546.TWO,宇峻,TWO,文化創意業
3548.TWO,兆利,TWO,電子零組件業
3552.TWO,同致,TWO,其他電子業
3555.TWO,博士旺,TWO,半導體業
3556.TWO,禾瑞亞,TWO,半導體業
3558.TWO,神準,TWO,通信網路業
3564.TWO,其陽,TWO,通信網路業
3567.TWO,逸昌,TWO,半導體業
3570.TWO,大塚,TWO,資訊服務業
3577.TWO,泓格,TWO,電腦及週邊設備業
3580.TWO,友威科,TWO,其他電子業
3581.TWO,博磊,TWO,半導體業
3587.TWO,閎康,TWO,其他電子業
3594.TWO,磐儀,TWO,電腦及週邊設備業
3597.TWO,映興,TWO,電子零組件業
3609.TWO,三一東林,TWO,電子零組件業
3611.TWO,鼎翰,TWO,電腦及週邊設備業
3615.TWO,安可,TWO,光電業
3623.TWO,富晶通,TWO,光電業
3624.TWO,光頡,TWO,電子零組件業
3625.TWO,西勝,TWO,電腦及週邊設備業
3628.TWO,盈正,TWO,其他電子業
3629.TWO,地心引力,TWO,文化創意業
3630.TWO,新鉅科,TWO,光電業
3631.TWO,晟楠,TWO,電子零組件業
3632.TWO,研勤,TWO,通信網路業
3646.TWO,艾恩特,TWO,電子零組件業
3663.TWO,鑫科,TWO,其他電子業
3664.TWO,安瑞-KY,TWO,通信網路業
3666.TWO,光耀,TWO,光電業
3672.TWO,康聯訊,TWO,通信網路業
3675.TWO,德微,TWO,半導體業
3680.TWO,家登,TWO,半導體業
3684.TWO,榮昌,TWO,通信網路業
3685.TWO,元創精密,TWO,電機機械
3687.TWO,歐買尬,TWO,數位雲端
3689.TWO,湧德,TWO,電子零組件業
3691.TWO,碩禾,TWO,光電業
3693.TWO,營邦,TWO,電腦及週邊設備業
3707.TWO,漢磊,TWO,半導體業
3709.TWO,鑫聯大投控,TWO,電腦及週邊設備業
3710.TWO,連展投控,TWO,電子零組件業
4154.TWO,樂威科-KY,TWO,其他
4171.TWO,瑞基,TWO,農業科技業
4205.TWO,中華食,TWO,食品工業
4207.TWO,環泰,TWO,食品工業
4303.TWO,信立,TWO,塑膠工業
4304.TWO,勝昱,TWO,塑膠工業
4305.TWO,世坤,TWO,塑膠工業
4419.TWO,皇家美食,TWO,觀光餐旅
4430.TWO,耀億,TWO,其他
4502.TWO,健信,TWO,電機機械
4503.TWO,金雨,TWO,電機機械
4506.TWO,崇友,TWO,電機機械
4510.TWO,高鋒,TWO,電機機械
4513.TWO,福裕,TWO,電機機械
4523.TWO,永彰,TWO,電機機械
4527.TWO,方方土霖,TWO,電機機械
4528.TWO,江興鍛,TWO,電機機械
4529.TWO,淳紳,TWO,其他
4530.TWO,天意能創,TWO,觀光餐旅
4533.TWO,協易機,TWO,電機機械
4534.TWO,慶騰,TWO,電機機械
4535.TWO,至興,TWO,電機機械
4538.TWO,大詠城,TWO,電機機械
4541.TWO,晟田,TWO,其他
4542.TWO,科嶠,TWO,電子零組件業
4543.TWO,萬在,TWO,電機機械
4549.TWO,桓達,TWO,電機機械
4550.TWO,長佳,TWO,電機機械
4554.TWO,橙的,TWO,其他電子業
4556.TWO,旭然,TWO,其他
4558.TWO,寶緯,TWO,電機機械
4561.TWO,健椿,TWO,電機機械
4563.TWO,百德,TWO,電機機械
4568.TWO,科際精密,TWO,電機機械
4577.TWO,達航科技,TWO,其他電子業
4580.TWO,捷流閥業,TWO,電機機械
4584.TWO,君帆,TWO,電機機械
4706.TWO,大恭,TWO,化學工業
4707.TWO,磐亞,TWO,化學工業
4711.TWO,永純,TWO,化學工業
4714.TWO,永捷,TWO,化學工業
4716.TWO,大立,TWO,化學工業
4721.TWO,美琪瑪,TWO,化學工業
4729.TWO,熒茂,TWO,光電業
4741.TWO,泓瀚,TWO,化學工業
4749.TWO,新應材,TWO,半導體業
4754.TWO,國碳科,TWO,化學工業
4760.TWO,勤凱科技,TWO,其他電子業
4767.TWO,誠泰科技,TWO,化學工業
4768.TWO,晶呈科技,TWO,化學工業
4772.TWO,台特化,TWO,化學工業
4804.TWO,大略-KY,TWO,觀光餐旅
4806.TWO,桂田文創,TWO,文化創意業
4903.TWO,聯光通,TWO,通信網路業
4908.TWO,前鼎,TWO,通信網路業
4909.TWO,新復興,TWO,通信網路業
4923.TWO,力士,TWO,半導體業
4931.TWO,新盛力,TWO,電腦及週邊設備業
4933.TWO,友輝,TWO,光電業
4939.TWO,亞電,TWO,電子零組件業
4946.TWO,辣椒,TWO,文化創意業
4950.TWO,金耘國際,TWO,鋼鐵工業
4951.TWO,精拓科,TWO,半導體業
4953.TWO,緯致,TWO,資訊服務業
4966.TWO,譜瑞-KY,TWO,半導體業
4971.TWO,IET-KY,TWO,半導體業
4972.TWO,湯石照明,TWO,光電業
4973.TWO,廣穎電通,TWO,半導體業
4974.TWO,亞泰,TWO,電子零組件業
4979.TWO,華星光,TWO,通信網路業
4991.TWO,環宇-KY,TWO,半導體業
4995.TWO,晶達,TWO,光電業
5009.TWO,榮剛,TWO,鋼鐵工業
5011.TWO,久陽,TWO,鋼鐵工業
5013.TWO,強新,TWO,鋼鐵工業
5014.TWO,建錩,TWO,鋼鐵工業
5015.TWO,華祺,TWO,鋼鐵工業
5016.TWO,松和,TWO,鋼鐵工業
5201.TWO,凱衛,TWO,資訊服務業
5202.TWO,力新,TWO,資訊服務業
5209.TWO,新鼎,TWO,其他
5210.TWO,寶碩,TWO,資訊服務業
5211.TWO,蒙恬,TWO,資訊服務業
5212.TWO,凌網,TWO,資訊服務業
5220.TWO,萬達光電,TWO,光電業
5223.TWO,安力-KY,TWO,電腦及週邊設備業
5227.TWO,立凱-KY,TWO,電子零組件業
5228.TWO,鈺鎧,TWO,電子零組件業
5230.TWO,雷笛克光學,TWO,光電業
5245.TWO,智晶,TWO,光電業
5251.TWO,天鉞電,TWO,光電業
5263.TWO,智崴,TWO,文化創意業
5272.TWO,笙科,TWO,半導體業
5274.TWO,信驊,TWO,半導體業
5276.TWO,達輝-KY,TWO,其他
5278.TWO,尚凡*,TWO,數位雲端
5287.TWO,數字,TWO,數位雲端
5289.TWO,宜鼎,TWO,電腦及週邊設備業
5291.TWO,邑昇,TWO,電子零組件業
5299.TWO,杰力,TWO,半導體業
5301.TWO,寶得利,TWO,觀光餐旅
5302.TWO,太欣,TWO,半導體業
5309.TWO,系統電,TWO,電子零組件業
5310.TWO,天剛,TWO,資訊服務業
5314.TWO,世紀*,TWO,其他
5315.TWO,光聯,TWO,光電業
5321.TWO,美而快,TWO,數位雲端
5328.TWO,華容,TWO,電子零組件業
5340.TWO,建榮,TWO,電子零組件業
5344.TWO,立衛,TWO,半導體業
5345.TWO,馥鴻,TWO,其他
5347.TWO,世界,TWO,半導體業
5351.TWO,鈺創,TWO,半導體業
5353.TWO,台林,TWO,通信網路業
5355.TWO,佳總,TWO,電子零組件業
5356.TWO,協益,TWO,電腦及週邊設備業
5364.TWO,力麗店,TWO,觀光餐旅
5371.TWO,中光電,TWO,光電業
5381.TWO,光譜,TWO,電機機械
5386.TWO,青雲,TWO,電腦及週邊設備業
5392.TWO,能率,TWO,光電業
5398.TWO,慕康生醫,TWO,其他
5403.TWO,中菲,TWO,資訊服務業
5410.TWO,國眾,TWO,資訊服務業
5425.TWO,台半,TWO,半導體業
5426.TWO,振發,TWO,電腦及週邊設備業
5438.TWO,東友,TWO,電腦及週邊設備業
5439.TWO,高技,TWO,電子零組件業
5443.TWO,均豪,TWO,半導體業
5450.TWO,南良,TWO,其他
5452.TWO,佶優,TWO,其他電子業
5457.TWO,宣德,TWO,電子零組件業
5460.TWO,同協,TWO,電子零組件業
5464.TWO,霖宏,TWO,電子零組件業
5465.TWO,富驊,TWO,電腦及週邊設備業
5468.TWO,凱鈺,TWO,半導體業
5474.TWO,聰泰,TWO,電腦及週邊設備業
5475.TWO,德宏,TWO,電子零組件業
5478.TWO,智冠,TWO,文化創意業
5481.TWO,新華,TWO,其他
5483.TWO,中美晶,TWO,半導體業
5487.TWO,通泰,TWO,半導體業
5488.TWO,松普,TWO,電子零組件業
5489.TWO,彩富,TWO,其他電子業
5490.TWO,同亨,TWO,電腦及週邊設備業
5493.TWO,三聯,TWO,其他電子業
5498.TWO,凱崴,TWO,電子零組件業
5530.TWO,龍巖,TWO,其他
5536.TWO,聖暉*,TWO,其他電子業
5601.TWO,台聯櫃,TWO,航運業
5603.TWO,陸海,TWO,航運業
5604.TWO,中連,TWO,其他
5609.TWO,中菲行,TWO,航運業
5701.TWO,劍湖山,TWO,觀光餐旅
5703.TWO,亞都麗緻,TWO,觀光餐旅
5704.TWO,老爺知,TWO,觀光餐旅
5905.TWO,南仁湖,TWO,觀光餐旅
6101.TWO,寬魚國際,TWO,文化創意業
6103.TWO,合邦,TWO,半導體業
6104.TWO,創惟,TWO,半導體業
6109.TWO,亞元,TWO,通信網路業
6111.TWO,光聚晶電,TWO,文化創意業
6113.TWO,亞矽,TWO,電子通路業
6114.TWO,久威,TWO,電子零組件業
6118.TWO,建達,TWO,電子通路業
6121.TWO,新普,TWO,電腦及週邊設備業
6122.TWO,擎邦,TWO,電機機械
6123.TWO,上奇,TWO,資訊服務業
6124.TWO,業強,TWO,電子零組件業
6125.TWO,廣運,TWO,電機機械
6126.TWO,信音,TWO,電子零組件業
6127.TWO,九豪,TWO,電子零組件業
6129.TWO,普誠,TWO,半導體業
6134.TWO,萬旭,TWO,電子零組件業
6138.TWO,茂達,TWO,半導體業
6140.TWO,訊達電腦,TWO,資訊服務業
6143.TWO,振曜,TWO,通信網路業
6144.TWO,得利影,TWO,文化創意業
6146.TWO,耕興,TWO,其他電子業
6147.TWO,頎邦,TWO,半導體業
6148.TWO,驊宏資,TWO,資訊服務業
6150.TWO,撼訊,TWO,電腦及週邊設備業
6151.TWO,晉倫,TWO,其他電子業
6154.TWO,順發,TWO,電子通路業
6156.TWO,松上,TWO,電子零組件業
6158.TWO,禾昌,TWO,電子零組件業
6160.TWO,欣技,TWO,電腦及週邊設備業
6161.TWO,捷波,TWO,電腦及週邊設備業
6163.TWO,華電網,TWO,資訊服務業
6167.TWO,久正,TWO,光電業
6169.TWO,昱泉,TWO,文化創意業
6170.TWO,統振,TWO,通信網路業
6173.TWO,信昌電,TWO,電子零組件業
6174.TWO,安碁,TWO,電子零組件業
6175.TWO,立敦,TWO,電子零組件業
6179.TWO,亞通,TWO,其他
6180.TWO,橘子,TWO,文化創意業
6182.TWO,合晶,TWO,半導體業
6185.TWO,幃翔,TWO,電子零組件業
6187.TWO,萬潤,TWO,半導體業
6188.TWO,廣明,TWO,電腦及週邊設備業
6190.TWO,萬泰科,TWO,通信網路業
6194.TWO,育富,TWO,電子零組件業
6199.TWO,天品,TWO,其他
6203.TWO,海韻電,TWO,電子零組件業
6204.TWO,艾華,TWO,電子零組件業
6207.TWO,雷科,TWO,電子零組件業
6208.TWO,日揚,TWO,半導體業
6210.TWO,慶生,TWO,電子零組件業
6217.TWO,中探針,TWO,電子零組件業
6218.TWO,豪勉,TWO,通信網路業
6220.TWO,岳豐,TWO,電子零組件業
6221.TWO,晉泰,TWO,資訊服務業
6222.TWO,立軒,TWO,光電業
6223.TWO,旺矽,TWO,半導體業
6227.TWO,茂綸,TWO,電子通路業
6228.TWO,全譜,TWO,電腦及週邊設備業
6229.TWO,研通,TWO,半導體業
6231.TWO,系微,TWO,資訊服務業
6233.TWO,旺玖,TWO,半導體業
6234.TWO,高僑,TWO,光電業
6236.TWO,中湛,TWO,數位雲端
6237.TWO,驊訊,TWO,半導體業
6240.TWO,松崗,TWO,資訊服務業
6241.TWO,鑫永洋,TWO,通信網路業
6244.TWO,茂迪,TWO,光電業
6245.TWO,立端,TWO,通信網路業
6246.TWO,臺龍,TWO,光電業
6248.TWO,沛波,TWO,鋼鐵工業
6259.TWO,百徽,TWO,電子零組件業
6261.TWO,久元,TWO,半導體業
6263.TWO,普萊德,TWO,通信網路業
6265.TWO,方土昶,TWO,電子通路業
6266.TWO,泰詠,TWO,電子零組件業
6270.TWO,倍微,TWO,電子通路業
6274.TWO,台燿,TWO,電子零組件業
6275.TWO,元山,TWO,電子零組件業
6276.TWO,安鈦克,TWO,電腦及週邊設備業
6279.TWO,胡連,TWO,電子零組件業
6284.TWO,佳邦,TWO,電子零組件業
6290.TWO,良維,TWO,電子零組件業
6291.TWO,沛亨,TWO,半導體業
6292.TWO,迅德,TWO,電子零組件業
6294.TWO,智基,TWO,文化創意業
6411.TWO,晶焱,TWO,半導體業
6417.TWO,韋僑,TWO,通信網路業
6418.TWO,詠昇,TWO,電子零組件業
6419.TWO,京晨科,TWO,光電業
6423.TWO,億而得,TWO,半導體業
6425.TWO,易發,TWO,電機機械
6432.TWO,今展科,TWO,電子零組件業
6435.TWO,大中,TWO,半導體業
6441.TWO,廣錠,TWO,電腦及週邊設備業
6462.TWO,神盾,TWO,半導體業
6465.TWO,威潤,TWO,通信網路業
6470.TWO,宇智,TWO,通信網路業
6474.TWO,華豫寧,TWO,電子通路業
6482.TWO,弘煜科,TWO,文化創意業
6485.TWO,點序,TWO,半導體業
6486.TWO,互動,TWO,通信網路業
6488.TWO,環球晶,TWO,半導體業
6494.TWO,九齊,TWO,半導體業
6498.TWO,久禾光,TWO,光電業
6508.TWO,惠光,TWO,農業科技業
6509.TWO,聚和,TWO,化學工業
6510.TWO,精測,TWO,半導體業
6512.TWO,啟發電,TWO,其他電子業
6516.TWO,勤崴國際,TWO,資訊服務業
6517.TWO,保勝光學,TWO,光電業
6530.TWO,創威,TWO,通信網路業
6532.TWO,瑞耘,TWO,半導體業
6538.TWO,倉和,TWO,電子零組件業
6542.TWO,隆中,TWO,文化創意業
6546.TWO,正基,TWO,通信網路業
6548.TWO,長科*,TWO,半導體業
6556.TWO,勝品,TWO,光電業
6560.TWO,欣普羅,TWO,光電業
6561.TWO,是方,TWO,通信網路業
6568.TWO,宏觀,TWO,半導體業
6570.TWO,維田,TWO,電腦及週邊設備業
6577.TWO,勁豐,TWO,電腦及週邊設備業
6578.TWO,達邦蛋白,TWO,農業科技業
6584.TWO,南俊國際,TWO,電子零組件業
6588.TWO,東典光電,TWO,通信網路業
6590.TWO,普鴻,TWO,資訊服務業
6593.TWO,台灣銘板,TWO,資訊服務業
6596.TWO,寬宏藝術,TWO,文化創意業
6597.TWO,立誠,TWO,電子零組件業
6603.TWO,富強鑫,TWO,電機機械
6609.TWO,瀧澤科,TWO,電機機械
6613.TWO,朋億*,TWO,其他電子業
6640.TWO,均華,TWO,半導體業
6642.TWO,富致,TWO,電子零組件業
6643.TWO,M31,TWO,半導體業
6651.TWO,全宇昕,TWO,半導體業
6654.TWO,天正國際,TWO,其他電子業
6664.TWO,群翊,TWO,電子零組件業
6667.TWO,信紘科,TWO,其他電子業
6679.TWO,鈺太,TWO,半導體業
6680.TWO,鑫創電子,TWO,電腦及週邊設備業
6683.TWO,雍智科技,TWO,半導體業
6684.TWO,安格,TWO,半導體業
6690.TWO,安碁資訊,TWO,數位雲端
6693.TWO,廣閎科,TWO,半導體業
6697.TWO,東捷資訊,TWO,資訊服務業
6708.TWO,天擎,TWO,半導體業
6716.TWO,應廣,TWO,半導體業
6720.TWO,久昌,TWO,半導體業
6721.TWO,信實,TWO,其他
6725.TWO,矽科宏晟,TWO,其他電子業
6727.TWO,亞泰金屬,TWO,電子零組件業
6732.TWO,昇佳電子,TWO,半導體業
6735.TWO,美達科技,TWO,其他電子業
6739.TWO,竹陞科技,TWO,其他電子業
6741.TWO,91APP*-KY,TWO,數位雲端
6751.TWO,智聯服務,TWO,資訊服務業
6752.TWO,叡揚,TWO,資訊服務業
6761.TWO,穩得,TWO,電子零組件業
6763.TWO,綠界科技*,TWO,數位雲端
6788.TWO,華景電,TWO,半導體業
6791.TWO,虎門科技,TWO,資訊服務業
6811.TWO,宏碁資訊,TWO,數位雲端
6821.TWO,聯寶,TWO,電子零組件業
6823.TWO,濾能,TWO,半導體業
6829.TWO,千附精密,TWO,半導體業
6840.TWO,東研信超,TWO,其他電子業
6843.TWO,進典,TWO,電機機械
6846.TWO,綠茵,TWO,食品工業
6855.TWO,數泓科,TWO,其他電子業
6856.TWO,鑫傳,TWO,文化創意業
6859.TWO,伯特光,TWO,光電業
6865.TWO,偉康科技,TWO,數位雲端
6870.TWO,騰雲,TWO,數位雲端
6874.TWO,倍力,TWO,資訊服務業
6877.TWO,鏵友益,TWO,其他電子業
6881.TWO,潤德,TWO,其他
6884.TWO,海柏特,TWO,資訊服務業
6895.TWO,宏碩系統,TWO,半導體業
6899.TWO,創為精密,TWO,光電業
6903.TWO,巨漢,TWO,其他電子業
6904.TWO,伯鑫,TWO,其他
6907.TWO,雅特力-KY,TWO,半導體業
6910.TWO,德鴻,TWO,數位雲端
6913.TWO,鴻呈,TWO,電子零組件業
6922.TWO,宸曜,TWO,電腦及週邊設備業
6925.TWO,意藍,TWO,數位雲端
6953.TWO,家碩,TWO,半導體業
6961.TWO,旅天下,TWO,觀光餐旅
6967.TWO,汎瑋材料,TWO,電子零組件業
6982.TWO,大井泵浦,TWO,電機機械
6983.TWO,華洋精機,TWO,其他電子業
6996.TWO,力領科技,TWO,半導體業
6997.TWO,博弘,TWO,數位雲端
7402.TWO,邑錡,TWO,光電業
7547.TWO,碩網,TWO,數位雲端
7556.TWO,意德士科技,TWO,半導體業
7584.TWO,樂意,TWO,文化創意業
7642.TWO,昶瑞機電,TWO,電機機械
7703.TWO,銳澤,TWO,其他電子業
7704.TWO,明遠精密,TWO,半導體業
7708.TWO,全家餐飲,TWO,觀光餐旅
7709.TWO,榮田,TWO,電機機械
7712.TWO,博盛半導體,TWO,半導體業
7714.TWO,創泓科技,TWO,數位雲端
7716.TWO,昱臺國際,TWO,航運業
7717.TWO,萊德光電-KY,TWO,通信網路業
7718.TWO,友鋮,TWO,電機機械
7723.TWO,築間,TWO,觀光餐旅
7728.TWO,光焱科技,TWO,其他電子業
7734.TWO,印能科技,TWO,半導體業
7738.TWO,東聯互動,TWO,數位雲端
7743.TWO,金利食安,TWO,食品工業
7744.TWO,崴寶,TWO,電子零組件業
7747.TWO,昕奇雲端,TWO,數位雲端
7751.TWO,竑騰,TWO,半導體業
7753.TWO,星亞,TWO,光電業
7757.TWO,金色三麥,TWO,觀光餐旅
7767.TWO,仁大資訊,TWO,資訊服務業
7770.TWO,君曜,TWO,半導體業
7772.TWO,耀穎,TWO,半導體業
7777.TWO,能率亞洲,TWO,其他
7792.TWO,安葆,TWO,其他電子業
7805.TWO,威聯通,TWO,數位雲端
7810.TWO,捷創科技,TWO,半導體業
7819.TWO,精誠金融,TWO,資訊服務業
7828.TWO,創新服務,TWO,半導體業
7839.TWO,達人網,TWO,數位雲端
8024.TWO,佑華,TWO,半導體業
8027.TWO,鈦昇,TWO,電機機械
8032.TWO,光菱,TWO,電子通路業
8034.TWO,榮群,TWO,通信網路業
8038.TWO,長園科,TWO,電子零組件業
8040.TWO,九暘,TWO,半導體業
8042.TWO,金山電,TWO,電子零組件業
8043.TWO,蜜望實,TWO,電子零組件業
8044.TWO,網家,TWO,數位雲端
8047.TWO,星雲,TWO,其他電子業
8048.TWO,德勝,TWO,通信網路業
8049.TWO,晶采,TWO,光電業
8050.TWO,廣積,TWO,電腦及週邊設備業
8054.TWO,安國,TWO,半導體業
8059.TWO,凱碩,TWO,通信網路業
8064.TWO,東捷,TWO,光電業
8067.TWO,志旭,TWO,電子通路業
8068.TWO,全達,TWO,電子通路業
8069.TWO,元太,TWO,光電業
8071.TWO,能率網通,TWO,電子零組件業
8074.TWO,鉅橡,TWO,電子零組件業
8076.TWO,伍豐,TWO,電腦及週邊設備業
8077.TWO,洛碁,TWO,觀光餐旅
8083.TWO,瑞穎,TWO,電機機械
8084.TWO,巨虹,TWO,電子通路業
8085.TWO,福華,TWO,其他電子業
8086.TWO,宏捷科,TWO,半導體業
8088.TWO,品安,TWO,半導體業
8089.TWO,康全電訊,TWO,通信網路業
8091.TWO,翔名,TWO,半導體業
8092.TWO,建暐,TWO,其他電子業
8093.TWO,保銳,TWO,電子零組件業
8096.TWO,擎亞,TWO,電子通路業
8097.TWO,常珵,TWO,通信網路業
8099.TWO,大世科,TWO,資訊服務業
8102.TWO,傑霖科技,TWO,半導體業
8107.TWO,大億金茂,TWO,電機機械
8109.TWO,博大,TWO,電子零組件業
8111.TWO,立碁,TWO,光電業
8121.TWO,越峰,TWO,電子零組件業
8147.TWO,正淩,TWO,電子零組件業
8155.TWO,博智,TWO,電子零組件業
8176.TWO,智捷,TWO,通信網路業
8182.TWO,加高,TWO,電子零組件業
8183.TWO,精星,TWO,其他電子業
8227.TWO,巨有科技,TWO,半導體業
8234.TWO,新漢,TWO,電腦及週邊設備業
8240.TWO,華宏,TWO,光電業
8255.TWO,朋程,TWO,電機機械
8272.TWO,全景軟體,TWO,資訊服務業
8277.TWO,商丞,TWO,半導體業
8284.TWO,三竹,TWO,資訊服務業
8289.TWO,泰藝,TWO,電子零組件業
8291.TWO,尚茂,TWO,電子零組件業
8299.TWO,群聯,TWO,半導體業
8342.TWO,益張,TWO,其他
8349.TWO,恒耀國際,TWO,鋼鐵工業
8354.TWO,冠好,TWO,其他
8358.TWO,金居,TWO,電子零組件業
8383.TWO,千附,TWO,半導體業
8401.TWO,白紗科,TWO,其他
8410.TWO,森田,TWO,電腦及週邊設備業
8415.TWO,大國鋼,TWO,鋼鐵工業
8416.TWO,實威,TWO,資訊服務業
8421.TWO,旭源,TWO,其他
8426.TWO,紅木-KY,TWO,其他
8431.TWO,匯鑽科,TWO,其他電子業
8435.TWO,鉅邁,TWO,其他
8437.TWO,大地-KY,TWO,其他
8444.TWO,綠河-KY,TWO,其他
8446.TWO,華研,TWO,文化創意業
8450.TWO,霹靂,TWO,文化創意業
8455.TWO,大拓-KY,TWO,其他電子業
8472.TWO,納維康,TWO,數位雲端
8477.TWO,創業家,TWO,數位雲端
8489.TWO,三貝德,TWO,其他
8905.TWO,裕國,TWO,其他
8906.TWO,花王,TWO,其他
8908.TWO,欣雄,TWO,油電燃氣業
8916.TWO,光隆,TWO,其他
8917.TWO,欣泰,TWO,油電燃氣業
8921.TWO,沈氏,TWO,其他
8923.TWO,時報,TWO,文化創意業
8927.TWO,北基,TWO,油電燃氣業
8929.TWO,富堡,TWO,其他
8930.TWO,青鋼,TWO,鋼鐵工業
8931.TWO,大汽電,TWO,油電燃氣業
8932.TWO,智通*,TWO,數位雲端
8935.TWO,邦泰,TWO,其他
8936.TWO,國統,TWO,其他
8937.TWO,合騏*,TWO,其他
8942.TWO,森鉅,TWO,其他
9949.TWO,琉園,TWO,文化創意業
9950.TWO,萬國通,TWO,塑膠工業
9951.TWO,皇田,TWO,電機機械
9962.TWO,有益,TWO,鋼鐵工業
